Workbook

Sheet Data
B2: Difficulty | C2: HP Mutliplier | F2: Brute | G2: Dark Brute | H2: Scrake | I2: Jason | J2: Butcher | K2: Flesh Pound | L2: Flesh Pummel
B3: Normal | C3: 1 | E3: Head Health Increment | F3: 112 | G3: 187 | H3: 195 | I3: 240 | J3: 285 | K3: 210 | L3: 240
B4: Hard | C4: 1.35 | E4: Total Health Increment | F4: 225 | G4: 250 | H4: 500 | I4: 750 | J4: 875 | K4: 375 | L4: 437
B5: HoE | C5: 1.75

Sheet Brute
A1: Health | B1: Increment | D1: Players | E1: Head Health (Normal) | F1: Total Heath (Normal) | G1: Head Health (Hard) | H1: Total Health (Hard) | I1: Head Health (HoE) | J1: Total Health (HoE)
A2: Head Health | B2: 112 | D2: 1 | E2: 450 | F2: 900 | G2: =E2*Data!C4 -> 607.5 | H2: =F2*Data!C4 -> 1215 | I2: =E2*Data!C5 -> 787.5 | J2: =F2*Data!C5 -> 1575
A3: Total Health | B3: 225 | D3: 2 | E3: =$B$2*(Table15711[[#This Row],[Players]]-1)+$E$2 -> 562 | F3: =$B$3*(Table15711[[#This Row],[Players]]-1)+$F$2 -> 1125 | G3: =E3*Data!$C$4 -> 758.7 | H3: =F3*Data!$C$4 -> 1518.75 | I3: =E3*Data!$C$5 -> 983.5 | J3: =F3*Data!$C$5 -> 1968.75
D4: 3 | E4: =$B$2*(Table15711[[#This Row],[Players]]-1)+$E$2 -> 674 | F4: =$B$3*(Table15711[[#This Row],[Players]]-1)+$F$2 -> 1350 | G4: =E4*Data!$C$4 -> 909.9 | H4: =F4*Data!$C$4 -> 1822.5 | I4: =E4*Data!$C$5 -> 1179.5 | J4: =F4*Data!$C$5 -> 2362.5
D5: 4 | E5: =$B$2*(Table15711[[#This Row],[Players]]-1)+$E$2 -> 786 | F5: =$B$3*(Table15711[[#This Row],[Players]]-1)+$F$2 -> 1575 | G5: =E5*Data!$C$4 -> 1061.1 | H5: =F5*Data!$C$4 -> 2126.25 | I5: =E5*Data!$C$5 -> 1375.5 | J5: =F5*Data!$C$5 -> 2756.25
D6: 5 | E6: =$B$2*(Table15711[[#This Row],[Players]]-1)+$E$2 -> 898 | F6: =$B$3*(Table15711[[#This Row],[Players]]-1)+$F$2 -> 1800 | G6: =E6*Data!$C$4 -> 1212.3 | H6: =F6*Data!$C$4 -> 2430 | I6: =E6*Data!$C$5 -> 1571.5 | J6: =F6*Data!$C$5 -> 3150
D7: 6 | E7: =$B$2*(Table15711[[#This Row],[Players]]-1)+$E$2 -> 1010 | F7: =$B$3*(Table15711[[#This Row],[Players]]-1)+$F$2 -> 2025 | G7: =E7*Data!$C$4 -> 1363.5 | H7: =F7*Data!$C$4 -> 2733.75 | I7: =E7*Data!$C$5 -> 1767.5 | J7: =F7*Data!$C$5 -> 3543.75
D8: 7 | E8: =$B$2*(Table15711[[#This Row],[Players]]-1)+$E$2 -> 1122 | F8: =$B$3*(Table15711[[#This Row],[Players]]-1)+$F$2 -> 2250 | G8: =E8*Data!$C$4 -> 1514.7 | H8: =F8*Data!$C$4 -> 3037.5 | I8: =E8*Data!$C$5 -> 1963.5 | J8: =F8*Data!$C$5 -> 3937.5
D9: 8 | E9: =$B$2*(Table15711[[#This Row],[Players]]-1)+$E$2 -> 1234 | F9: =$B$3*(Table15711[[#This Row],[Players]]-1)+$F$2 -> 2475 | G9: =E9*Data!$C$4 -> 1665.9 | H9: =F9*Data!$C$4 -> 3341.25 | I9: =E9*Data!$C$5 -> 2159.5 | J9: =F9*Data!$C$5 -> 4331.25
D10: 9 | E10: =$B$2*(Table15711[[#This Row],[Players]]-1)+$E$2 -> 1346 | F10: =$B$3*(Table15711[[#This Row],[Players]]-1)+$F$2 -> 2700 | G10: =E10*Data!$C$4 -> 1817.1 | H10: =F10*Data!$C$4 -> 3645 | I10: =E10*Data!$C$5 -> 2355.5 | J10: =F10*Data!$C$5 -> 4725
D11: 10 | E11: =$B$2*(Table15711[[#This Row],[Players]]-1)+$E$2 -> 1458 | F11: =$B$3*(Table15711[[#This Row],[Players]]-1)+$F$2 -> 2925 | G11: =E11*Data!$C$4 -> 1968.3 | H11: =F11*Data!$C$4 -> 3948.75 | I11: =E11*Data!$C$5 -> 2551.5 | J11: =F11*Data!$C$5 -> 5118.75
D12: 11 | E12: =$B$2*(Table15711[[#This Row],[Players]]-1)+$E$2 -> 1570 | F12: =$B$3*(Table15711[[#This Row],[Players]]-1)+$F$2 -> 3150 | G12: =E12*Data!$C$4 -> 2119.5 | H12: =F12*Data!$C$4 -> 4252.5 | I12: =E12*Data!$C$5 -> 2747.5 | J12: =F12*Data!$C$5 -> 5512.5
D13: 12 | E13: =$B$2*(Table15711[[#This Row],[Players]]-1)+$E$2 -> 1682 | F13: =$B$3*(Table15711[[#This Row],[Players]]-1)+$F$2 -> 3375 | G13: =E13*Data!$C$4 -> 2270.7 | H13: =F13*Data!$C$4 -> 4556.25 | I13: =E13*Data!$C$5 -> 2943.5 | J13: =F13*Data!$C$5 -> 5906.25
D14: 13 | E14: =$B$2*(Table15711[[#This Row],[Players]]-1)+$E$2 -> 1794 | F14: =$B$3*(Table15711[[#This Row],[Players]]-1)+$F$2 -> 3600 | G14: =E14*Data!$C$4 -> 2421.9 | H14: =F14*Data!$C$4 -> 4860 | I14: =E14*Data!$C$5 -> 3139.5 | J14: =F14*Data!$C$5 -> 6300
D15: 14 | E15: =$B$2*(Table15711[[#This Row],[Players]]-1)+$E$2 -> 1906 | F15: =$B$3*(Table15711[[#This Row],[Players]]-1)+$F$2 -> 3825 | G15: =E15*Data!$C$4 -> 2573.1 | H15: =F15*Data!$C$4 -> 5163.75 | I15: =E15*Data!$C$5 -> 3335.5 | J15: =F15*Data!$C$5 -> 6693.75
... D21: 20 | E21: =$B$2*(Table15711[[#This Row],[Players]]-1)+$E$2 -> 2578 | F21: =$B$3*(Table15711[[#This Row],[Players]]-1)+$F$2 -> 5175 | G21: =E21*Data!$C$4 -> 3480.3 | H21: =F21*Data!$C$4 -> 6986.25 | I21: =E21*Data!$C$5 -> 4511.5 | J21: =F21*Data!$C$5 -> 9056.25

Sheet Dark Brute
A1: Health | B1: Increment | D1: Players | E1: Head Health (Normal) | F1: Total Heath (Normal) | G1: Head Health (Hard) | H1: Total Health (Hard) | I1: Head Health (HoE) | J1: Total Health (HoE)
A2: Head Health | B2: 187 | D2: 1 | E2: 750 | F2: 1250 | G2: =E2*Data!C4 -> 1012.5 | H2: =F2*Data!C4 -> 1687.5 | I2: =E2*Data!C5 -> 1312.5 | J2: =F2*Data!C5 -> 2187.5
A3: Total Health | B3: 250 | D3: 2 | E3: =$B$2*(Table1571113[[#This Row],[Players]]-1)+$E$2 -> 937 | F3: =$B$3*(Table1571113[[#This Row],[Players]]-1)+$F$2 -> 1500 | G3: =E3*Data!$C$4 -> 1264.95 | H3: =F3*Data!$C$4 -> 2025 | I3: =E3*Data!$C$5 -> 1639.75 | J3: =F3*Data!$C$5 -> 2625
D4: 3 | E4: =$B$2*(Table1571113[[#This Row],[Players]]-1)+$E$2 -> 1124 | F4: =$B$3*(Table1571113[[#This Row],[Players]]-1)+$F$2 -> 1750 | G4: =E4*Data!$C$4 -> 1517.4 | H4: =F4*Data!$C$4 -> 2362.5 | I4: =E4*Data!$C$5 -> 1967 | J4: =F4*Data!$C$5 -> 3062.5
D5: 4 | E5: =$B$2*(Table1571113[[#This Row],[Players]]-1)+$E$2 -> 1311 | F5: =$B$3*(Table1571113[[#This Row],[Players]]-1)+$F$2 -> 2000 | G5: =E5*Data!$C$4 -> 1769.85 | H5: =F5*Data!$C$4 -> 2700 | I5: =E5*Data!$C$5 -> 2294.25 | J5: =F5*Data!$C$5 -> 3500
D6: 5 | E6: =$B$2*(Table1571113[[#This Row],[Players]]-1)+$E$2 -> 1498 | F6: =$B$3*(Table1571113[[#This Row],[Players]]-1)+$F$2 -> 2250 | G6: =E6*Data!$C$4 -> 2022.3 | H6: =F6*Data!$C$4 -> 3037.5 | I6: =E6*Data!$C$5 -> 2621.5 | J6: =F6*Data!$C$5 -> 3937.5
D7: 6 | E7: =$B$2*(Table1571113[[#This Row],[Players]]-1)+$E$2 -> 1685 | F7: =$B$3*(Table1571113[[#This Row],[Players]]-1)+$F$2 -> 2500 | G7: =E7*Data!$C$4 -> 2274.75 | H7: =F7*Data!$C$4 -> 3375 | I7: =E7*Data!$C$5 -> 2948.75 | J7: =F7*Data!$C$5 -> 4375
D8: 7 | E8: =$B$2*(Table1571113[[#This Row],[Players]]-1)+$E$2 -> 1872 | F8: =$B$3*(Table1571113[[#This Row],[Players]]-1)+$F$2 -> 2750 | G8: =E8*Data!$C$4 -> 2527.2 | H8: =F8*Data!$C$4 -> 3712.5 | I8: =E8*Data!$C$5 -> 3276 | J8: =F8*Data!$C$5 -> 4812.5
D9: 8 | E9: =$B$2*(Table1571113[[#This Row],[Players]]-1)+$E$2 -> 2059 | F9: =$B$3*(Table1571113[[#This Row],[Players]]-1)+$F$2 -> 3000 | G9: =E9*Data!$C$4 -> 2779.65 | H9: =F9*Data!$C$4 -> 4050 | I9: =E9*Data!$C$5 -> 3603.25 | J9: =F9*Data!$C$5 -> 5250
D10: 9 | E10: =$B$2*(Table1571113[[#This Row],[Players]]-1)+$E$2 -> 2246 | F10: =$B$3*(Table1571113[[#This Row],[Players]]-1)+$F$2 -> 3250 | G10: =E10*Data!$C$4 -> 3032.1 | H10: =F10*Data!$C$4 -> 4387.5 | I10: =E10*Data!$C$5 -> 3930.5 | J10: =F10*Data!$C$5 -> 5687.5
D11: 10 | E11: =$B$2*(Table1571113[[#This Row],[Players]]-1)+$E$2 -> 2433 | F11: =$B$3*(Table1571113[[#This Row],[Players]]-1)+$F$2 -> 3500 | G11: =E11*Data!$C$4 -> 3284.55 | H11: =F11*Data!$C$4 -> 4725 | I11: =E11*Data!$C$5 -> 4257.75 | J11: =F11*Data!$C$5 -> 6125
D12: 11 | E12: =$B$2*(Table1571113[[#This Row],[Players]]-1)+$E$2 -> 2620 | F12: =$B$3*(Table1571113[[#This Row],[Players]]-1)+$F$2 -> 3750 | G12: =E12*Data!$C$4 -> 3537 | H12: =F12*Data!$C$4 -> 5062.5 | I12: =E12*Data!$C$5 -> 4585 | J12: =F12*Data!$C$5 -> 6562.5
D13: 12 | E13: =$B$2*(Table1571113[[#This Row],[Players]]-1)+$E$2 -> 2807 | F13: =$B$3*(Table1571113[[#This Row],[Players]]-1)+$F$2 -> 4000 | G13: =E13*Data!$C$4 -> 3789.45 | H13: =F13*Data!$C$4 -> 5400 | I13: =E13*Data!$C$5 -> 4912.25 | J13: =F13*Data!$C$5 -> 7000
D14: 13 | E14: =$B$2*(Table1571113[[#This Row],[Players]]-1)+$E$2 -> 2994 | F14: =$B$3*(Table1571113[[#This Row],[Players]]-1)+$F$2 -> 4250 | G14: =E14*Data!$C$4 -> 4041.9 | H14: =F14*Data!$C$4 -> 5737.5 | I14: =E14*Data!$C$5 -> 5239.5 | J14: =F14*Data!$C$5 -> 7437.5
D15: 14 | E15: =$B$2*(Table1571113[[#This Row],[Players]]-1)+$E$2 -> 3181 | F15: =$B$3*(Table1571113[[#This Row],[Players]]-1)+$F$2 -> 4500 | G15: =E15*Data!$C$4 -> 4294.35 | H15: =F15*Data!$C$4 -> 6075 | I15: =E15*Data!$C$5 -> 5566.75 | J15: =F15*Data!$C$5 -> 7875
... D21: 20 | E21: =$B$2*(Table1571113[[#This Row],[Players]]-1)+$E$2 -> 4303 | F21: =$B$3*(Table1571113[[#This Row],[Players]]-1)+$F$2 -> 6000 | G21: =E21*Data!$C$4 -> 5809.05 | H21: =F21*Data!$C$4 -> 8100 | I21: =E21*Data!$C$5 -> 7530.25 | J21: =F21*Data!$C$5 -> 10500

Sheet Scrake
A1: Health | B1: Increment | D1: Players | E1: Head Health (Normal) | F1: Total Heath (Normal) | G1: Head Health (Hard) | H1: Total Health (Hard) | I1: Head Health (HoE) | J1: Total Health (HoE)
A2: Head Health | B2: 195 | D2: 1 | E2: 650 | F2: 1000 | G2: =E2*Data!C4 -> 877.5 | H2: =F2*Data!C4 -> 1350 | I2: =E2*Data!C5 -> 1137.5 | J2: =F2*Data!C5 -> 1750
A3: Total Health | B3: 500 | D3: 2 | E3: =$B$2*(Table157[[#This Row],[Players]]-1)+$E$2 -> 845 | F3: =$B$3*(Table157[[#This Row],[Players]]-1)+$F$2 -> 1500 | G3: =E3*Data!$C$4 -> 1140.75 | H3: =F3*Data!$C$4 -> 2025 | I3: =E3*Data!$C$5 -> 1478.75 | J3: =F3*Data!$C$5 -> 2625
D4: 3 | E4: =$B$2*(Table157[[#This Row],[Players]]-1)+$E$2 -> 1040 | F4: =$B$3*(Table157[[#This Row],[Players]]-1)+$F$2 -> 2000 | G4: =E4*Data!$C$4 -> 1404 | H4: =F4*Data!$C$4 -> 2700 | I4: =E4*Data!$C$5 -> 1820 | J4: =F4*Data!$C$5 -> 3500
D5: 4 | E5: =$B$2*(Table157[[#This Row],[Players]]-1)+$E$2 -> 1235 | F5: =$B$3*(Table157[[#This Row],[Players]]-1)+$F$2 -> 2500 | G5: =E5*Data!$C$4 -> 1667.25 | H5: =F5*Data!$C$4 -> 3375 | I5: =E5*Data!$C$5 -> 2161.25 | J5: =F5*Data!$C$5 -> 4375
D6: 5 | E6: =$B$2*(Table157[[#This Row],[Players]]-1)+$E$2 -> 1430 | F6: =$B$3*(Table157[[#This Row],[Players]]-1)+$F$2 -> 3000 | G6: =E6*Data!$C$4 -> 1930.5 | H6: =F6*Data!$C$4 -> 4050 | I6: =E6*Data!$C$5 -> 2502.5 | J6: =F6*Data!$C$5 -> 5250
D7: 6 | E7: =$B$2*(Table157[[#This Row],[Players]]-1)+$E$2 -> 1625 | F7: =$B$3*(Table157[[#This Row],[Players]]-1)+$F$2 -> 3500 | G7: =E7*Data!$C$4 -> 2193.75 | H7: =F7*Data!$C$4 -> 4725 | I7: =E7*Data!$C$5 -> 2843.75 | J7: =F7*Data!$C$5 -> 6125
D8: 7 | E8: =$B$2*(Table157[[#This Row],[Players]]-1)+$E$2 -> 1820 | F8: =$B$3*(Table157[[#This Row],[Players]]-1)+$F$2 -> 4000 | G8: =E8*Data!$C$4 -> 2457 | H8: =F8*Data!$C$4 -> 5400 | I8: =E8*Data!$C$5 -> 3185 | J8: =F8*Data!$C$5 -> 7000
D9: 8 | E9: =$B$2*(Table157[[#This Row],[Players]]-1)+$E$2 -> 2015 | F9: =$B$3*(Table157[[#This Row],[Players]]-1)+$F$2 -> 4500 | G9: =E9*Data!$C$4 -> 2720.25 | H9: =F9*Data!$C$4 -> 6075 | I9: =E9*Data!$C$5 -> 3526.25 | J9: =F9*Data!$C$5 -> 7875
D10: 9 | E10: =$B$2*(Table157[[#This Row],[Players]]-1)+$E$2 -> 2210 | F10: =$B$3*(Table157[[#This Row],[Players]]-1)+$F$2 -> 5000 | G10: =E10*Data!$C$4 -> 2983.5 | H10: =F10*Data!$C$4 -> 6750 | I10: =E10*Data!$C$5 -> 3867.5 | J10: =F10*Data!$C$5 -> 8750
D11: 10 | E11: =$B$2*(Table157[[#This Row],[Players]]-1)+$E$2 -> 2405 | F11: =$B$3*(Table157[[#This Row],[Players]]-1)+$F$2 -> 5500 | G11: =E11*Data!$C$4 -> 3246.75 | H11: =F11*Data!$C$4 -> 7425 | I11: =E11*Data!$C$5 -> 4208.75 | J11: =F11*Data!$C$5 -> 9625
D12: 11 | E12: =$B$2*(Table157[[#This Row],[Players]]-1)+$E$2 -> 2600 | F12: =$B$3*(Table157[[#This Row],[Players]]-1)+$F$2 -> 6000 | G12: =E12*Data!$C$4 -> 3510 | H12: =F12*Data!$C$4 -> 8100 | I12: =E12*Data!$C$5 -> 4550 | J12: =F12*Data!$C$5 -> 10500
D13: 12 | E13: =$B$2*(Table157[[#This Row],[Players]]-1)+$E$2 -> 2795 | F13: =$B$3*(Table157[[#This Row],[Players]]-1)+$F$2 -> 6500 | G13: =E13*Data!$C$4 -> 3773.25 | H13: =F13*Data!$C$4 -> 8775 | I13: =E13*Data!$C$5 -> 4891.25 | J13: =F13*Data!$C$5 -> 11375
D14: 13 | E14: =$B$2*(Table157[[#This Row],[Players]]-1)+$E$2 -> 2990 | F14: =$B$3*(Table157[[#This Row],[Players]]-1)+$F$2 -> 7000 | G14: =E14*Data!$C$4 -> 4036.5 | H14: =F14*Data!$C$4 -> 9450 | I14: =E14*Data!$C$5 -> 5232.5 | J14: =F14*Data!$C$5 -> 12250
D15: 14 | E15: =$B$2*(Table157[[#This Row],[Players]]-1)+$E$2 -> 3185 | F15: =$B$3*(Table157[[#This Row],[Players]]-1)+$F$2 -> 7500 | G15: =E15*Data!$C$4 -> 4299.75 | H15: =F15*Data!$C$4 -> 10125 | I15: =E15*Data!$C$5 -> 5573.75 | J15: =F15*Data!$C$5 -> 13125
... D21: 20 | E21: =$B$2*(Table157[[#This Row],[Players]]-1)+$E$2 -> 4355 | F21: =$B$3*(Table157[[#This Row],[Players]]-1)+$F$2 -> 10500 | G21: =E21*Data!$C$4 -> 5879.25 | H21: =F21*Data!$C$4 -> 14175 | I21: =E21*Data!$C$5 -> 7621.25 | J21: =F21*Data!$C$5 -> 18375

Sheet Jason
A1: Health | B1: Increment | D1: Players | E1: Head Health (Normal) | F1: Total Heath (Normal) | G1: Head Health (Hard) | H1: Total Health (Hard) | I1: Head Health (HoE) | J1: Total Health (HoE)
A2: Head Health | B2: 240 | D2: 1 | E2: 800 | F2: 1500 | G2: =E2*Data!C4 -> 1080 | H2: =F2*Data!C4 -> 2025 | I2: =E2*Data!C5 -> 1400 | J2: =F2*Data!C5 -> 2625
A3: Total Health | B3: 750 | D3: 2 | E3: =$B$2*(Table15[[#This Row],[Players]]-1)+$E$2 -> 1040 | F3: =$B$3*(Table15[[#This Row],[Players]]-1)+$F$2 -> 2250 | G3: =E3*Data!$C$4 -> 1404 | H3: =F3*Data!$C$4 -> 3037.5 | I3: =E3*Data!$C$5 -> 1820 | J3: =F3*Data!$C$5 -> 3937.5
D4: 3 | E4: =$B$2*(Table15[[#This Row],[Players]]-1)+$E$2 -> 1280 | F4: =$B$3*(Table15[[#This Row],[Players]]-1)+$F$2 -> 3000 | G4: =E4*Data!$C$4 -> 1728 | H4: =F4*Data!$C$4 -> 4050 | I4: =E4*Data!$C$5 -> 2240 | J4: =F4*Data!$C$5 -> 5250
D5: 4 | E5: =$B$2*(Table15[[#This Row],[Players]]-1)+$E$2 -> 1520 | F5: =$B$3*(Table15[[#This Row],[Players]]-1)+$F$2 -> 3750 | G5: =E5*Data!$C$4 -> 2052 | H5: =F5*Data!$C$4 -> 5062.5 | I5: =E5*Data!$C$5 -> 2660 | J5: =F5*Data!$C$5 -> 6562.5
D6: 5 | E6: =$B$2*(Table15[[#This Row],[Players]]-1)+$E$2 -> 1760 | F6: =$B$3*(Table15[[#This Row],[Players]]-1)+$F$2 -> 4500 | G6: =E6*Data!$C$4 -> 2376 | H6: =F6*Data!$C$4 -> 6075 | I6: =E6*Data!$C$5 -> 3080 | J6: =F6*Data!$C$5 -> 7875
D7: 6 | E7: =$B$2*(Table15[[#This Row],[Players]]-1)+$E$2 -> 2000 | F7: =$B$3*(Table15[[#This Row],[Players]]-1)+$F$2 -> 5250 | G7: =E7*Data!$C$4 -> 2700 | H7: =F7*Data!$C$4 -> 7087.5 | I7: =E7*Data!$C$5 -> 3500 | J7: =F7*Data!$C$5 -> 9187.5
D8: 7 | E8: =$B$2*(Table15[[#This Row],[Players]]-1)+$E$2 -> 2240 | F8: =$B$3*(Table15[[#This Row],[Players]]-1)+$F$2 -> 6000 | G8: =E8*Data!$C$4 -> 3024 | H8: =F8*Data!$C$4 -> 8100 | I8: =E8*Data!$C$5 -> 3920 | J8: =F8*Data!$C$5 -> 10500
D9: 8 | E9: =$B$2*(Table15[[#This Row],[Players]]-1)+$E$2 -> 2480 | F9: =$B$3*(Table15[[#This Row],[Players]]-1)+$F$2 -> 6750 | G9: =E9*Data!$C$4 -> 3348 | H9: =F9*Data!$C$4 -> 9112.5 | I9: =E9*Data!$C$5 -> 4340 | J9: =F9*Data!$C$5 -> 11812.5
D10: 9 | E10: =$B$2*(Table15[[#This Row],[Players]]-1)+$E$2 -> 2720 | F10: =$B$3*(Table15[[#This Row],[Players]]-1)+$F$2 -> 7500 | G10: =E10*Data!$C$4 -> 3672 | H10: =F10*Data!$C$4 -> 10125 | I10: =E10*Data!$C$5 -> 4760 | J10: =F10*Data!$C$5 -> 13125
D11: 10 | E11: =$B$2*(Table15[[#This Row],[Players]]-1)+$E$2 -> 2960 | F11: =$B$3*(Table15[[#This Row],[Players]]-1)+$F$2 -> 8250 | G11: =E11*Data!$C$4 -> 3996 | H11: =F11*Data!$C$4 -> 11137.5 | I11: =E11*Data!$C$5 -> 5180 | J11: =F11*Data!$C$5 -> 14437.5
D12: 11 | E12: =$B$2*(Table15[[#This Row],[Players]]-1)+$E$2 -> 3200 | F12: =$B$3*(Table15[[#This Row],[Players]]-1)+$F$2 -> 9000 | G12: =E12*Data!$C$4 -> 4320 | H12: =F12*Data!$C$4 -> 12150 | I12: =E12*Data!$C$5 -> 5600 | J12: =F12*Data!$C$5 -> 15750
D13: 12 | E13: =$B$2*(Table15[[#This Row],[Players]]-1)+$E$2 -> 3440 | F13: =$B$3*(Table15[[#This Row],[Players]]-1)+$F$2 -> 9750 | G13: =E13*Data!$C$4 -> 4644 | H13: =F13*Data!$C$4 -> 13162.5 | I13: =E13*Data!$C$5 -> 6020 | J13: =F13*Data!$C$5 -> 17062.5
D14: 13 | E14: =$B$2*(Table15[[#This Row],[Players]]-1)+$E$2 -> 3680 | F14: =$B$3*(Table15[[#This Row],[Players]]-1)+$F$2 -> 10500 | G14: =E14*Data!$C$4 -> 4968 | H14: =F14*Data!$C$4 -> 14175 | I14: =E14*Data!$C$5 -> 6440 | J14: =F14*Data!$C$5 -> 18375
D15: 14 | E15: =$B$2*(Table15[[#This Row],[Players]]-1)+$E$2 -> 3920 | F15: =$B$3*(Table15[[#This Row],[Players]]-1)+$F$2 -> 11250 | G15: =E15*Data!$C$4 -> 5292 | H15: =F15*Data!$C$4 -> 15187.5 | I15: =E15*Data!$C$5 -> 6860 | J15: =F15*Data!$C$5 -> 19687.5
... D21: 20 | E21: =$B$2*(Table15[[#This Row],[Players]]-1)+$E$2 -> 5360 | F21: =$B$3*(Table15[[#This Row],[Players]]-1)+$F$2 -> 15750 | G21: =E21*Data!$C$4 -> 7236 | H21: =F21*Data!$C$4 -> 21262.5 | I21: =E21*Data!$C$5 -> 9380 | J21: =F21*Data!$C$5 -> 27562.5

Sheet Butcher
A1: Health | B1: Increment | D1: Players | E1: Head Health (Normal) | F1: Total Heath (Normal) | G1: Head Health (Hard) | H1: Total Health (Hard) | I1: Head Health (HoE) | J1: Total Health (HoE)
A2: Head Health | B2: 285 | D2: 1 | E2: 950 | F2: 1750 | G2: =E2*Data!C4 -> 1282.5 | H2: =F2*Data!C4 -> 2362.5 | I2: =E2*Data!C5 -> 1662.5 | J2: =F2*Data!C5 -> 3062.5
A3: Total Health | B3: 875 | D3: 2 | E3: =$B$2*(Table159[[#This Row],[Players]]-1)+$E$2 -> 1235 | F3: =$B$3*(Table159[[#This Row],[Players]]-1)+$F$2 -> 2625 | G3: =E3*Data!$C$4 -> 1667.25 | H3: =F3*Data!$C$4 -> 3543.75 | I3: =E3*Data!$C$5 -> 2161.25 | J3: =F3*Data!$C$5 -> 4593.75
D4: 3 | E4: =$B$2*(Table159[[#This Row],[Players]]-1)+$E$2 -> 1520 | F4: =$B$3*(Table159[[#This Row],[Players]]-1)+$F$2 -> 3500 | G4: =E4*Data!$C$4 -> 2052 | H4: =F4*Data!$C$4 -> 4725 | I4: =E4*Data!$C$5 -> 2660 | J4: =F4*Data!$C$5 -> 6125
D5: 4 | E5: =$B$2*(Table159[[#This Row],[Players]]-1)+$E$2 -> 1805 | F5: =$B$3*(Table159[[#This Row],[Players]]-1)+$F$2 -> 4375 | G5: =E5*Data!$C$4 -> 2436.75 | H5: =F5*Data!$C$4 -> 5906.25 | I5: =E5*Data!$C$5 -> 3158.75 | J5: =F5*Data!$C$5 -> 7656.25
D6: 5 | E6: =$B$2*(Table159[[#This Row],[Players]]-1)+$E$2 -> 2090 | F6: =$B$3*(Table159[[#This Row],[Players]]-1)+$F$2 -> 5250 | G6: =E6*Data!$C$4 -> 2821.5 | H6: =F6*Data!$C$4 -> 7087.5 | I6: =E6*Data!$C$5 -> 3657.5 | J6: =F6*Data!$C$5 -> 9187.5
D7: 6 | E7: =$B$2*(Table159[[#This Row],[Players]]-1)+$E$2 -> 2375 | F7: =$B$3*(Table159[[#This Row],[Players]]-1)+$F$2 -> 6125 | G7: =E7*Data!$C$4 -> 3206.25 | H7: =F7*Data!$C$4 -> 8268.75 | I7: =E7*Data!$C$5 -> 4156.25 | J7: =F7*Data!$C$5 -> 10718.75
D8: 7 | E8: =$B$2*(Table159[[#This Row],[Players]]-1)+$E$2 -> 2660 | F8: =$B$3*(Table159[[#This Row],[Players]]-1)+$F$2 -> 7000 | G8: =E8*Data!$C$4 -> 3591 | H8: =F8*Data!$C$4 -> 9450 | I8: =E8*Data!$C$5 -> 4655 | J8: =F8*Data!$C$5 -> 12250
D9: 8 | E9: =$B$2*(Table159[[#This Row],[Players]]-1)+$E$2 -> 2945 | F9: =$B$3*(Table159[[#This Row],[Players]]-1)+$F$2 -> 7875 | G9: =E9*Data!$C$4 -> 3975.75 | H9: =F9*Data!$C$4 -> 10631.25 | I9: =E9*Data!$C$5 -> 5153.75 | J9: =F9*Data!$C$5 -> 13781.25
D10: 9 | E10: =$B$2*(Table159[[#This Row],[Players]]-1)+$E$2 -> 3230 | F10: =$B$3*(Table159[[#This Row],[Players]]-1)+$F$2 -> 8750 | G10: =E10*Data!$C$4 -> 4360.5 | H10: =F10*Data!$C$4 -> 11812.5 | I10: =E10*Data!$C$5 -> 5652.5 | J10: =F10*Data!$C$5 -> 15312.5
D11: 10 | E11: =$B$2*(Table159[[#This Row],[Players]]-1)+$E$2 -> 3515 | F11: =$B$3*(Table159[[#This Row],[Players]]-1)+$F$2 -> 9625 | G11: =E11*Data!$C$4 -> 4745.25 | H11: =F11*Data!$C$4 -> 12993.75 | I11: =E11*Data!$C$5 -> 6151.25 | J11: =F11*Data!$C$5 -> 16843.75
D12: 11 | E12: =$B$2*(Table159[[#This Row],[Players]]-1)+$E$2 -> 3800 | F12: =$B$3*(Table159[[#This Row],[Players]]-1)+$F$2 -> 10500 | G12: =E12*Data!$C$4 -> 5130 | H12: =F12*Data!$C$4 -> 14175 | I12: =E12*Data!$C$5 -> 6650 | J12: =F12*Data!$C$5 -> 18375
D13: 12 | E13: =$B$2*(Table159[[#This Row],[Players]]-1)+$E$2 -> 4085 | F13: =$B$3*(Table159[[#This Row],[Players]]-1)+$F$2 -> 11375 | G13: =E13*Data!$C$4 -> 5514.75 | H13: =F13*Data!$C$4 -> 15356.25 | I13: =E13*Data!$C$5 -> 7148.75 | J13: =F13*Data!$C$5 -> 19906.25
D14: 13 | E14: =$B$2*(Table159[[#This Row],[Players]]-1)+$E$2 -> 4370 | F14: =$B$3*(Table159[[#This Row],[Players]]-1)+$F$2 -> 12250 | G14: =E14*Data!$C$4 -> 5899.5 | H14: =F14*Data!$C$4 -> 16537.5 | I14: =E14*Data!$C$5 -> 7647.5 | J14: =F14*Data!$C$5 -> 21437.5
D15: 14 | E15: =$B$2*(Table159[[#This Row],[Players]]-1)+$E$2 -> 4655 | F15: =$B$3*(Table159[[#This Row],[Players]]-1)+$F$2 -> 13125 | G15: =E15*Data!$C$4 -> 6284.25 | H15: =F15*Data!$C$4 -> 17718.75 | I15: =E15*Data!$C$5 -> 8146.25 | J15: =F15*Data!$C$5 -> 22968.75
... D21: 20 | E21: =$B$2*(Table159[[#This Row],[Players]]-1)+$E$2 -> 6365 | F21: =$B$3*(Table159[[#This Row],[Players]]-1)+$F$2 -> 18375 | G21: =E21*Data!$C$4 -> 8592.75 | H21: =F21*Data!$C$4 -> 24806.25 | I21: =E21*Data!$C$5 -> 11138.75 | J21: =F21*Data!$C$5 -> 32156.25

Sheet Flesh Pound
A1: Health | B1: Increment | D1: Players | E1: Head Health (Normal) | F1: Total Heath (Normal) | G1: Head Health (Hard) | H1: Total Health (Hard) | I1: Head Health (HoE) | J1: Total Health (HoE)
A2: Head Health | B2: 210 | D2: 1 | E2: 700 | F2: 1500 | G2: =E2*Data!C4 -> 945 | H2: =F2*Data!C4 -> 2025 | I2: =E2*Data!C5 -> 1225 | J2: =F2*Data!C5 -> 2625
A3: Total Health | B3: 375 | D3: 2 | E3: =$B$2*(Table15915[[#This Row],[Players]]-1)+$E$2 -> 910 | F3: =$B$3*(Table15915[[#This Row],[Players]]-1)+$F$2 -> 1875 | G3: =E3*Data!$C$4 -> 1228.5 | H3: =F3*Data!$C$4 -> 2531.25 | I3: =E3*Data!$C$5 -> 1592.5 | J3: =F3*Data!$C$5 -> 3281.25
D4: 3 | E4: =$B$2*(Table15915[[#This Row],[Players]]-1)+$E$2 -> 1120 | F4: =$B$3*(Table15915[[#This Row],[Players]]-1)+$F$2 -> 2250 | G4: =E4*Data!$C$4 -> 1512 | H4: =F4*Data!$C$4 -> 3037.5 | I4: =E4*Data!$C$5 -> 1960 | J4: =F4*Data!$C$5 -> 3937.5
D5: 4 | E5: =$B$2*(Table15915[[#This Row],[Players]]-1)+$E$2 -> 1330 | F5: =$B$3*(Table15915[[#This Row],[Players]]-1)+$F$2 -> 2625 | G5: =E5*Data!$C$4 -> 1795.5 | H5: =F5*Data!$C$4 -> 3543.75 | I5: =E5*Data!$C$5 -> 2327.5 | J5: =F5*Data!$C$5 -> 4593.75
D6: 5 | E6: =$B$2*(Table15915[[#This Row],[Players]]-1)+$E$2 -> 1540 | F6: =$B$3*(Table15915[[#This Row],[Players]]-1)+$F$2 -> 3000 | G6: =E6*Data!$C$4 -> 2079 | H6: =F6*Data!$C$4 -> 4050 | I6: =E6*Data!$C$5 -> 2695 | J6: =F6*Data!$C$5 -> 5250
D7: 6 | E7: =$B$2*(Table15915[[#This Row],[Players]]-1)+$E$2 -> 1750 | F7: =$B$3*(Table15915[[#This Row],[Players]]-1)+$F$2 -> 3375 | G7: =E7*Data!$C$4 -> 2362.5 | H7: =F7*Data!$C$4 -> 4556.25 | I7: =E7*Data!$C$5 -> 3062.5 | J7: =F7*Data!$C$5 -> 5906.25
D8: 7 | E8: =$B$2*(Table15915[[#This Row],[Players]]-1)+$E$2 -> 1960 | F8: =$B$3*(Table15915[[#This Row],[Players]]-1)+$F$2 -> 3750 | G8: =E8*Data!$C$4 -> 2646 | H8: =F8*Data!$C$4 -> 5062.5 | I8: =E8*Data!$C$5 -> 3430 | J8: =F8*Data!$C$5 -> 6562.5
D9: 8 | E9: =$B$2*(Table15915[[#This Row],[Players]]-1)+$E$2 -> 2170 | F9: =$B$3*(Table15915[[#This Row],[Players]]-1)+$F$2 -> 4125 | G9: =E9*Data!$C$4 -> 2929.5 | H9: =F9*Data!$C$4 -> 5568.75 | I9: =E9*Data!$C$5 -> 3797.5 | J9: =F9*Data!$C$5 -> 7218.75
D10: 9 | E10: =$B$2*(Table15915[[#This Row],[Players]]-1)+$E$2 -> 2380 | F10: =$B$3*(Table15915[[#This Row],[Players]]-1)+$F$2 -> 4500 | G10: =E10*Data!$C$4 -> 3213 | H10: =F10*Data!$C$4 -> 6075 | I10: =E10*Data!$C$5 -> 4165 | J10: =F10*Data!$C$5 -> 7875
D11: 10 | E11: =$B$2*(Table15915[[#This Row],[Players]]-1)+$E$2 -> 2590 | F11: =$B$3*(Table15915[[#This Row],[Players]]-1)+$F$2 -> 4875 | G11: =E11*Data!$C$4 -> 3496.5 | H11: =F11*Data!$C$4 -> 6581.25 | I11: =E11*Data!$C$5 -> 4532.5 | J11: =F11*Data!$C$5 -> 8531.25
D12: 11 | E12: =$B$2*(Table15915[[#This Row],[Players]]-1)+$E$2 -> 2800 | F12: =$B$3*(Table15915[[#This Row],[Players]]-1)+$F$2 -> 5250 | G12: =E12*Data!$C$4 -> 3780 | H12: =F12*Data!$C$4 -> 7087.5 | I12: =E12*Data!$C$5 -> 4900 | J12: =F12*Data!$C$5 -> 9187.5
D13: 12 | E13: =$B$2*(Table15915[[#This Row],[Players]]-1)+$E$2 -> 3010 | F13: =$B$3*(Table15915[[#This Row],[Players]]-1)+$F$2 -> 5625 | G13: =E13*Data!$C$4 -> 4063.5 | H13: =F13*Data!$C$4 -> 7593.75 | I13: =E13*Data!$C$5 -> 5267.5 | J13: =F13*Data!$C$5 -> 9843.75
D14: 13 | E14: =$B$2*(Table15915[[#This Row],[Players]]-1)+$E$2 -> 3220 | F14: =$B$3*(Table15915[[#This Row],[Players]]-1)+$F$2 -> 6000 | G14: =E14*Data!$C$4 -> 4347 | H14: =F14*Data!$C$4 -> 8100 | I14: =E14*Data!$C$5 -> 5635 | J14: =F14*Data!$C$5 -> 10500
D15: 14 | E15: =$B$2*(Table15915[[#This Row],[Players]]-1)+$E$2 -> 3430 | F15: =$B$3*(Table15915[[#This Row],[Players]]-1)+$F$2 -> 6375 | G15: =E15*Data!$C$4 -> 4630.5 | H15: =F15*Data!$C$4 -> 8606.25 | I15: =E15*Data!$C$5 -> 6002.5 | J15: =F15*Data!$C$5 -> 11156.25
... D21: 20 | E21: =$B$2*(Table15915[[#This Row],[Players]]-1)+$E$2 -> 4690 | F21: =$B$3*(Table15915[[#This Row],[Players]]-1)+$F$2 -> 8625 | G21: =E21*Data!$C$4 -> 6331.5 | H21: =F21*Data!$C$4 -> 11643.75 | I21: =E21*Data!$C$5 -> 8207.5 | J21: =F21*Data!$C$5 -> 15093.75

Sheet Flesh Pummel
A1: Health | B1: Increment | D1: Players | E1: Head Health (Normal) | F1: Total Heath (Normal) | G1: Head Health (Hard) | H1: Total Health (Hard) | I1: Head Health (HoE) | J1: Total Health (HoE)
A2: Head Health | B2: 240 | D2: 1 | E2: 800 | F2: 1750 | G2: =E2*Data!C4 -> 1080 | H2: =F2*Data!C4 -> 2362.5 | I2: =E2*Data!C5 -> 1400 | J2: =F2*Data!C5 -> 3062.5
A3: Total Health | B3: 437 | D3: 2 | E3: =$B$2*(Table1591517[[#This Row],[Players]]-1)+$E$2 -> 1040 | F3: =$B$3*(Table1591517[[#This Row],[Players]]-1)+$F$2 -> 2187 | G3: =E3*Data!$C$4 -> 1404 | H3: =F3*Data!$C$4 -> 2952.45 | I3: =E3*Data!$C$5 -> 1820 | J3: =F3*Data!$C$5 -> 3827.25
D4: 3 | E4: =$B$2*(Table1591517[[#This Row],[Players]]-1)+$E$2 -> 1280 | F4: =$B$3*(Table1591517[[#This Row],[Players]]-1)+$F$2 -> 2624 | G4: =E4*Data!$C$4 -> 1728 | H4: =F4*Data!$C$4 -> 3542.4 | I4: =E4*Data!$C$5 -> 2240 | J4: =F4*Data!$C$5 -> 4592
D5: 4 | E5: =$B$2*(Table1591517[[#This Row],[Players]]-1)+$E$2 -> 1520 | F5: =$B$3*(Table1591517[[#This Row],[Players]]-1)+$F$2 -> 3061 | G5: =E5*Data!$C$4 -> 2052 | H5: =F5*Data!$C$4 -> 4132.35 | I5: =E5*Data!$C$5 -> 2660 | J5: =F5*Data!$C$5 -> 5356.75
D6: 5 | E6: =$B$2*(Table1591517[[#This Row],[Players]]-1)+$E$2 -> 1760 | F6: =$B$3*(Table1591517[[#This Row],[Players]]-1)+$F$2 -> 3498 | G6: =E6*Data!$C$4 -> 2376 | H6: =F6*Data!$C$4 -> 4722.3 | I6: =E6*Data!$C$5 -> 3080 | J6: =F6*Data!$C$5 -> 6121.5
D7: 6 | E7: =$B$2*(Table1591517[[#This Row],[Players]]-1)+$E$2 -> 2000 | F7: =$B$3*(Table1591517[[#This Row],[Players]]-1)+$F$2 -> 3935 | G7: =E7*Data!$C$4 -> 2700 | H7: =F7*Data!$C$4 -> 5312.25 | I7: =E7*Data!$C$5 -> 3500 | J7: =F7*Data!$C$5 -> 6886.25
D8: 7 | E8: =$B$2*(Table1591517[[#This Row],[Players]]-1)+$E$2 -> 2240 | F8: =$B$3*(Table1591517[[#This Row],[Players]]-1)+$F$2 -> 4372 | G8: =E8*Data!$C$4 -> 3024 | H8: =F8*Data!$C$4 -> 5902.2 | I8: =E8*Data!$C$5 -> 3920 | J8: =F8*Data!$C$5 -> 7651
D9: 8 | E9: =$B$2*(Table1591517[[#This Row],[Players]]-1)+$E$2 -> 2480 | F9: =$B$3*(Table1591517[[#This Row],[Players]]-1)+$F$2 -> 4809 | G9: =E9*Data!$C$4 -> 3348 | H9: =F9*Data!$C$4 -> 6492.15 | I9: =E9*Data!$C$5 -> 4340 | J9: =F9*Data!$C$5 -> 8415.75
D10: 9 | E10: =$B$2*(Table1591517[[#This Row],[Players]]-1)+$E$2 -> 2720 | F10: =$B$3*(Table1591517[[#This Row],[Players]]-1)+$F$2 -> 5246 | G10: =E10*Data!$C$4 -> 3672 | H10: =F10*Data!$C$4 -> 7082.1 | I10: =E10*Data!$C$5 -> 4760 | J10: =F10*Data!$C$5 -> 9180.5
D11: 10 | E11: =$B$2*(Table1591517[[#This Row],[Players]]-1)+$E$2 -> 2960 | F11: =$B$3*(Table1591517[[#This Row],[Players]]-1)+$F$2 -> 5683 | G11: =E11*Data!$C$4 -> 3996 | H11: =F11*Data!$C$4 -> 7672.05 | I11: =E11*Data!$C$5 -> 5180 | J11: =F11*Data!$C$5 -> 9945.25
D12: 11 | E12: =$B$2*(Table1591517[[#This Row],[Players]]-1)+$E$2 -> 3200 | F12: =$B$3*(Table1591517[[#This Row],[Players]]-1)+$F$2 -> 6120 | G12: =E12*Data!$C$4 -> 4320 | H12: =F12*Data!$C$4 -> 8262 | I12: =E12*Data!$C$5 -> 5600 | J12: =F12*Data!$C$5 -> 10710
D13: 12 | E13: =$B$2*(Table1591517[[#This Row],[Players]]-1)+$E$2 -> 3440 | F13: =$B$3*(Table1591517[[#This Row],[Players]]-1)+$F$2 -> 6557 | G13: =E13*Data!$C$4 -> 4644 | H13: =F13*Data!$C$4 -> 8851.95 | I13: =E13*Data!$C$5 -> 6020 | J13: =F13*Data!$C$5 -> 11474.75
D14: 13 | E14: =$B$2*(Table1591517[[#This Row],[Players]]-1)+$E$2 -> 3680 | F14: =$B$3*(Table1591517[[#This Row],[Players]]-1)+$F$2 -> 6994 | G14: =E14*Data!$C$4 -> 4968 | H14: =F14*Data!$C$4 -> 9441.9 | I14: =E14*Data!$C$5 -> 6440 | J14: =F14*Data!$C$5 -> 12239.5
D15: 14 | E15: =$B$2*(Table1591517[[#This Row],[Players]]-1)+$E$2 -> 3920 | F15: =$B$3*(Table1591517[[#This Row],[Players]]-1)+$F$2 -> 7431 | G15: =E15*Data!$C$4 -> 5292 | H15: =F15*Data!$C$4 -> 10031.85 | I15: =E15*Data!$C$5 -> 6860 | J15: =F15*Data!$C$5 -> 13004.25
... D21: 20 | E21: =$B$2*(Table1591517[[#This Row],[Players]]-1)+$E$2 -> 5360 | F21: =$B$3*(Table1591517[[#This Row],[Players]]-1)+$F$2 -> 10053 | G21: =E21*Data!$C$4 -> 7236 | H21: =F21*Data!$C$4 -> 13571.55 | I21: =E21*Data!$C$5 -> 9380 | J21: =F21*Data!$C$5 -> 17592.75
